,City,Country,Date,Lat,Lng,Max Temp,Wind Speed,Humidity,Cloudiness
0,punta arenas,CL,1572204188.0,-53.16,-70.91,44.6,31.09,48.0,75.0
1,bluff,AU,1572204189.0,-23.58,149.07,69.35,13.22,68.0,46.0
2,butaritari,KI,1572204189.0,3.07,172.79,84.51,8.14,65.0,84.0
4,muleba,TZ,1572204189.0,-1.84,31.66,71.6,3.74,83.0,5.0
5,tuktoyaktuk,CA,1572204189.0,69.44,-133.03,14.0,11.41,85.0,40.0
6,rikitea,PF,1572204189.0,-23.12,-134.97,71.44,22.73,80.0,25.0
7,airai,TL,1572204190.0,-8.93,125.41,63.93,2.44,76.0,0.0
8,maniitsoq,GL,1572204190.0,65.42,-52.9,32.92,5.59,90.0,100.0
9,vaini,IN,1572204190.0,15.34,74.49,67.17,2.33,87.0,50.0
10,amalapuram,IN,1572204190.0,16.58,82.0,76.32,2.46,90.0,0.0
11,port lincoln,AU,1572204191.0,-34.72,135.86,51.37,5.3,85.0,0.0
12,mount isa,AU,1572204191.0,-20.73,139.49,78.8,17.22,14.0,75.0
13,severo-kurilsk,RU,1572204191.0,50.68,156.12,34.81,28.54,98.0,100.0
14,komsomolskiy,RU,1572204191.0,67.55,63.78,4.26,6.15,96.0,30.0
15,castro,CL,1572204191.0,-42.48,-73.76,53.6,12.75,54.0,90.0
16,bredasdorp,ZA,1572204191.0,-34.53,20.04,53.01,13.87,87.0,38.0
17,alta floresta,BR,1572204192.0,-9.87,-56.08,91.4,4.7,55.0,40.0
18,margate,AU,1572204192.0,-43.03,147.26,48.2,8.05,57.0,75.0
19,san patricio,PY,1572204192.0,-26.98,-56.83,102.24,9.73,26.0,44.0
20,albany,US,1572204159.0,42.65,-73.75,54.0,10.29,81.0,90.0
21,ushuaia,AR,1572204192.0,-54.81,-68.31,41.0,23.04,75.0,75.0
22,noyabrsk,RU,1572204193.0,63.2,75.45,17.02,10.65,93.0,89.0
23,san andres,PH,1572204193.0,13.32,122.68,75.36,0.76,93.0,99.0
24,salalah,OM,1572204193.0,17.01,54.1,78.8,2.24,57.0,51.0
25,pizarro,CO,1572204193.0,4.95,-77.37,79.09,11.59,84.0,60.0
26,west helena,US,1572204193.0,34.55,-90.64,59.0,3.36,82.0,0.0
27,takaka,NZ,1572204193.0,-40.86,172.81,55.99,11.99,94.0,82.0
28,faanui,PF,1572204194.0,-16.48,-151.75,79.41,14.56,77.0,83.0
29,san-pedro,CI,1572204194.0,4.75,-6.64,79.39,13.51,87.0,22.0
30,pangnirtung,CA,1572204194.0,66.15,-65.72,30.2,2.24,100.0,75.0
31,pevek,RU,1572204194.0,69.7,170.27,12.96,4.47,70.0,100.0
32,norman wells,CA,1572204194.0,65.28,-126.83,14.0,5.82,92.0,75.0
33,tasiilaq,GL,1572204195.0,65.61,-37.64,28.4,6.93,63.0,42.0
34,narsaq,GL,1572204195.0,60.91,-46.05,41.0,17.22,32.0,8.0
36,aripuana,BR,1572204195.0,-9.17,-60.63,94.68,3.85,40.0,28.0
37,tiksi,RU,1572204195.0,71.64,128.87,2.3,2.48,90.0,0.0
38,lorengau,PG,1572204196.0,-2.02,147.27,82.35,6.02,73.0,48.0
39,yeppoon,AU,1572204196.0,-23.13,150.74,68.0,1.12,77.0,0.0
40,nanortalik,GL,1572204196.0,60.14,-45.24,37.87,9.06,67.0,92.0
41,hami,CN,1572204196.0,42.84,93.51,41.88,1.92,37.0,5.0
42,east london,ZA,1572204196.0,-33.02,27.91,68.0,10.29,77.0,75.0
43,upernavik,GL,1572204196.0,72.79,-56.15,30.56,6.42,65.0,100.0
44,mehamn,NO,1572204197.0,71.03,27.85,28.4,19.46,73.0,40.0
45,lebu,ET,1572204197.0,8.96,38.73,52.66,4.79,60.0,74.0
46,saint-philippe,CA,1572204197.0,45.36,-73.48,48.0,6.93,93.0,90.0
48,visnes,NO,1572204197.0,59.36,5.22,44.6,10.29,81.0,40.0
49,busselton,AU,1572204197.0,-33.64,115.35,59.0,10.54,65.0,99.0
50,new norfolk,AU,1572204198.0,-42.78,147.06,48.2,8.05,57.0,75.0
51,ponta do sol,BR,1572204198.0,-20.63,-46.0,86.34,7.09,42.0,9.0
52,sao filipe,CV,1572204198.0,14.9,-24.5,80.55,15.46,70.0,0.0
53,mataura,NZ,1572204198.0,-46.19,168.86,48.0,1.01,93.0,100.0
54,alyangula,AU,1572204198.0,-13.85,136.42,77.0,1.12,94.0,29.0
55,vestmannaeyjar,IS,1572204199.0,63.44,-20.27,40.12,17.54,63.0,0.0
56,sitka,US,1572204199.0,37.17,-99.65,41.0,21.99,72.0,0.0
57,sokol,RU,1572204199.0,59.46,40.11,37.98,7.54,96.0,100.0
58,cape town,ZA,1572204022.0,-33.93,18.42,57.99,8.05,82.0,75.0
59,hilo,US,1572204152.0,19.71,-155.08,80.6,4.7,69.0,90.0
60,dunedin,NZ,1572204173.0,-45.87,170.5,49.3,5.19,84.0,100.0
61,kapaa,US,1572204200.0,22.08,-159.32,82.4,9.17,69.0,40.0
64,harper,US,1572204200.0,30.3,-99.24,80.01,10.29,17.0,1.0
65,ayan,IR,1572204201.0,38.23,44.7,41.95,1.36,69.0,9.0
67,bonthe,SL,1572204201.0,7.53,-12.5,80.64,7.56,84.0,91.0
68,puerto ayora,EC,1572204201.0,-0.74,-90.35,77.0,16.11,65.0,20.0
69,honiara,SB,1572204201.0,-9.43,159.96,75.2,3.36,100.0,40.0
70,luderitz,NA,1572204201.0,-26.65,15.16,62.6,10.29,72.0,0.0
71,hobart,AU,1572204018.0,-42.88,147.33,48.2,8.05,57.0,75.0
72,hermanus,ZA,1572204202.0,-34.42,19.24,54.0,5.01,99.0,95.0
73,barrow,AR,1572204202.0,-38.31,-60.23,69.96,5.08,45.0,100.0
74,payo,ID,1572204202.0,-3.75,103.64,69.13,2.44,81.0,57.0
75,hobyo,SO,1572204202.0,5.35,48.53,81.59,9.37,72.0,82.0
76,la ronge,CA,1572204202.0,55.1,-105.3,23.0,13.87,73.0,90.0
77,anjad,IN,1572204203.0,22.04,75.06,72.79,10.49,90.0,86.0
78,lata,IN,1572204203.0,30.78,78.62,27.95,3.02,53.0,0.0
79,geraldton,CA,1572204203.0,49.72,-86.95,44.6,10.29,70.0,90.0
80,verkhnyachka,UA,1572204203.0,48.83,30.04,54.28,10.07,53.0,11.0
81,mercedes,UY,1572204203.0,-33.25,-58.03,70.0,3.36,100.0,75.0
82,athenry,IE,1572204204.0,53.3,-8.75,42.8,4.7,80.0,20.0
83,alice springs,AU,1572204204.0,-23.7,133.88,55.4,11.59,32.0,6.0
84,chokurdakh,RU,1572204204.0,70.62,147.9,-8.38,6.2,98.0,85.0
85,jaunjelgava,LV,1572204204.0,56.62,25.08,42.01,8.99,92.0,100.0
86,arraial do cabo,BR,1572204204.0,-22.97,-42.02,84.2,23.04,78.0,10.0
87,richards bay,ZA,1572204205.0,-28.77,32.06,74.61,10.78,92.0,0.0
88,ueda,JP,1572204205.0,36.41,138.25,51.01,4.12,100.0,100.0
89,oktyabrskoye,RU,1572204205.0,56.73,85.44,45.0,13.42,100.0,75.0
91,novovarshavka,RU,1572204205.0,54.17,74.7,50.05,18.3,63.0,100.0
92,sri aman,MY,1572204205.0,1.24,111.46,75.2,1.12,100.0,99.0
93,shache,CN,1572204206.0,38.42,77.24,45.34,0.92,33.0,62.0
94,ishigaki,JP,1572204206.0,24.34,124.16,77.32,13.51,76.0,71.0
95,shakawe,BW,1572204206.0,-18.36,21.84,86.09,2.64,27.0,19.0
96,nikolskoye,RU,1572204206.0,59.7,30.79,36.0,22.37,100.0,90.0
97,wageningen,NL,1572204206.0,51.98,5.66,48.99,6.93,87.0,90.0
98,san blas,MX,1572204207.0,21.54,-105.29,78.8,3.06,54.0,20.0
99,bekwai,GH,1572204207.0,6.46,-1.58,74.82,3.27,95.0,91.0
100,evensk,RU,1572204207.0,61.92,159.24,31.44,2.57,98.0,100.0
101,tczew,PL,1572204207.0,54.09,18.8,48.99,13.87,75.0,100.0
102,ithaca,US,1572204207.0,42.44,-76.5,66.2,9.17,93.0,90.0
103,ardahan,TR,1572204208.0,41.11,42.7,38.43,2.64,80.0,14.0
104,rundu,NA,1572204208.0,-17.91,19.77,89.6,3.36,25.0,76.0
105,antalaha,MG,1572204208.0,-14.9,50.28,78.22,10.63,78.0,31.0
106,jamestown,AU,1572204208.0,-33.21,138.6,45.41,10.85,94.0,0.0
107,rio grande,BR,1572204208.0,-32.03,-52.1,75.2,8.05,73.0,100.0
108,goderich,CA,1572204208.0,43.74,-81.71,54.0,25.01,93.0,100.0
109,provideniya,RU,1572204209.0,64.42,-173.23,31.78,17.18,97.0,100.0
110,ginda,IN,1572204209.0,30.69,78.49,53.01,5.26,59.0,0.0
111,molave,PH,1572204209.0,8.09,123.48,73.04,2.15,97.0,100.0
115,aykhal,RU,1572204210.0,65.95,111.51,8.6,4.47,92.0,90.0
116,seoul,KR,1572203667.0,37.57,126.98,44.6,2.24,93.0,0.0
117,veraval,FR,1572204210.0,49.65,0.71,46.99,4.7,87.0,76.0
118,cabo san lucas,MX,1572204176.0,22.89,-109.91,87.8,8.05,51.0,5.0
119,codrington,AU,1572204210.0,-28.95,153.24,63.0,5.82,87.0,90.0
120,doka,SD,1572204211.0,13.52,35.76,81.41,2.84,49.0,54.0
121,vigrestad,NO,1572204211.0,58.57,5.7,44.6,13.87,81.0,20.0
122,haines junction,CA,1572204211.0,60.75,-137.51,25.36,7.05,96.0,97.0
123,yulara,AU,1572203994.0,-25.24,130.99,60.8,11.21,26.0,0.0
124,avarua,CK,1572204211.0,-21.21,-159.78,75.2,4.7,60.0,99.0
125,pisz,PL,1572204211.0,53.63,21.81,46.4,5.82,87.0,100.0
126,yarmolyntsi,UA,1572204212.0,49.19,26.84,54.34,6.2,48.0,0.0
127,coria,ES,1572204212.0,39.98,-6.54,66.0,1.79,59.0,99.0
128,severodvinsk,RU,1572204212.0,64.56,39.82,23.0,2.24,92.0,20.0
129,qaanaaq,GL,1572204212.0,77.48,-69.36,17.29,1.72,95.0,100.0
130,okhotsk,RU,1572204212.0,59.36,143.24,36.64,20.58,98.0,100.0
131,puerto suarez,BO,1572204213.0,-18.96,-57.8,100.4,9.17,39.0,75.0
132,padang,ID,1572204213.0,-0.92,100.36,68.59,1.23,98.0,100.0
133,atuona,PF,1572204213.0,-9.8,-139.03,79.27,11.1,77.0,2.0
134,nuuk,GL,1572204194.0,64.17,-51.74,33.01,1.12,72.0,100.0
135,yar-sale,RU,1572204213.0,66.83,70.83,4.6,10.6,96.0,48.0
136,saskylakh,RU,1572204214.0,71.97,114.09,-4.55,7.72,97.0,0.0
137,kokstad,ZA,1572204214.0,-30.55,29.42,65.19,2.04,46.0,75.0
139,honningsvag,NO,1572204214.0,70.98,25.97,28.4,19.46,73.0,40.0
140,plettenberg bay,ZA,1572204214.0,-34.05,23.37,60.96,5.08,66.0,1.0
141,vanimo,PG,1572204214.0,-2.67,141.3,82.06,3.22,75.0,11.0
143,ocho rios,JM,1572204215.0,18.41,-77.1,87.8,23.04,66.0,20.0
144,pacocha,EC,1572204215.0,-1.05,-80.87,78.8,6.93,83.0,75.0
146,ierapetra,GR,1572204215.0,35.01,25.74,69.01,12.75,72.0,20.0
147,ponta delgada,PT,1572204215.0,37.73,-25.67,66.2,10.29,72.0,20.0
148,djibo,BF,1572204216.0,14.1,-1.63,94.08,8.32,20.0,10.0
149,acajutla,SV,1572204216.0,13.59,-89.83,83.21,7.27,70.0,38.0
150,husavik,CA,1572204216.0,50.56,-96.99,32.0,10.0,75.0,99.0
151,san quintin,PH,1572204216.0,17.54,120.52,72.55,4.03,83.0,34.0
152,shahr-e babak,IR,1572204216.0,30.12,55.12,55.47,2.89,62.0,91.0
153,ornskoldsvik,SE,1572204217.0,63.29,18.72,35.6,3.36,96.0,75.0
154,saint george,GR,1572204217.0,39.45,22.34,59.0,5.82,87.0,0.0
155,raudeberg,NO,1572204217.0,61.99,5.14,42.8,6.93,70.0,20.0
156,tarija,BO,1572204217.0,-21.53,-64.73,96.8,9.17,12.0,20.0
158,hithadhoo,MV,1572204217.0,-0.6,73.08,81.84,12.37,79.0,90.0
159,torbay,CA,1572204218.0,47.66,-52.73,41.0,12.75,86.0,90.0
160,kruisfontein,ZA,1572204218.0,-34.0,24.73,57.56,11.01,71.0,0.0
161,lithakia,GR,1572204218.0,37.72,20.83,68.0,13.85,76.0,25.0
162,pisco,PE,1572204218.0,-13.71,-76.2,71.6,9.17,30.0,99.0
163,ancud,CL,1572204218.0,-41.87,-73.83,53.6,12.75,54.0,90.0
164,ratnagiri,IN,1572204219.0,16.98,73.3,71.98,2.75,93.0,74.0
165,sao miguel do araguaia,BR,1572204219.0,-13.28,-50.16,95.0,5.48,33.0,82.0
166,virginia beach,US,1572204091.0,36.85,-75.98,84.2,20.8,69.0,75.0
167,north bend,US,1572204219.0,43.41,-124.22,57.0,12.75,43.0,1.0
168,mahebourg,MU,1572204219.0,-20.41,57.7,75.2,5.82,83.0,75.0
169,port elizabeth,US,1572204220.0,39.31,-74.98,75.99,16.11,88.0,90.0
170,cockburn town,TC,1572204220.0,21.46,-71.14,84.2,13.87,74.0,40.0
171,bonavista,CA,1572204220.0,48.65,-53.11,41.0,8.01,88.0,95.0
172,aswan,EG,1572204220.0,24.09,32.9,78.8,6.93,39.0,0.0
173,carnarvon,ZA,1572204220.0,-30.97,22.13,56.28,20.87,35.0,0.0
174,vao,EE,1572204220.0,59.1,26.19,37.76,14.97,95.0,84.0
175,galveston,US,1572204221.0,40.58,-86.19,62.6,13.87,62.0,1.0
176,mexico,US,1572204221.0,39.17,-91.88,66.99,10.29,52.0,1.0
177,cuamba,MZ,1572204221.0,-14.8,36.54,82.44,4.29,19.0,0.0
178,fujin,CN,1572204221.0,47.24,132.03,35.4,5.5,74.0,0.0
179,iqaluit,CA,1572204221.0,63.75,-68.52,32.0,4.7,96.0,90.0
180,saint-georges,CA,1572204110.0,46.12,-70.67,39.0,1.99,92.0,100.0
181,ahipara,NZ,1572204222.0,-35.17,173.16,59.0,9.26,100.0,62.0
182,vila velha,BR,1572204222.0,-3.71,-38.6,84.2,12.75,62.0,19.0
183,meadow lake,CA,1572204222.0,54.13,-108.44,23.0,11.41,67.0,90.0
185,westport,US,1572204222.0,41.14,-73.36,69.01,9.17,100.0,90.0
187,saldanha,PT,1572204223.0,41.42,-6.55,62.06,1.77,54.0,100.0
188,port hedland,AU,1572204223.0,-20.31,118.58,75.2,4.7,44.0,7.0
189,saint-augustin,CA,1572204223.0,45.63,-73.98,48.0,11.41,100.0,90.0
190,mandalgovi,MN,1572204223.0,45.76,106.27,20.08,10.8,51.0,36.0
191,khatanga,RU,1572204223.0,71.98,102.47,2.25,9.19,84.0,99.0
192,iquique,CL,1572204224.0,-20.22,-70.14,66.2,13.87,59.0,48.0
194,yellowknife,CA,1572204224.0,62.45,-114.38,23.0,14.99,85.0,75.0
195,urucara,BR,1572204224.0,-2.54,-57.76,96.58,4.27,39.0,100.0
196,bambous virieux,MU,1572204224.0,-20.34,57.76,75.2,5.82,83.0,75.0
197,lazaro cardenas,MX,1572204225.0,28.39,-105.62,77.0,5.82,23.0,5.0
198,weligama,LK,1572204225.0,5.97,80.42,75.13,2.08,90.0,100.0
199,port alfred,ZA,1572204225.0,-33.59,26.89,62.01,3.0,77.0,0.0
200,chililabombwe,ZM,1572204225.0,-12.37,27.84,75.58,0.89,27.0,26.0
202,college,US,1572204225.0,64.86,-147.8,41.0,8.05,93.0,90.0
203,broken hill,AU,1572204226.0,-31.97,141.45,53.6,8.05,58.0,0.0
204,grand gaube,MU,1572204226.0,-20.01,57.66,75.2,5.82,83.0,75.0
205,kaeo,NZ,1572204226.0,-35.1,173.78,59.0,9.13,100.0,69.0
206,deep river,CA,1572204226.0,46.1,-77.49,48.0,10.29,100.0,90.0
207,manokwari,ID,1572204226.0,-0.87,134.08,71.85,5.93,83.0,70.0
208,constitucion,MX,1572204227.0,23.99,-104.67,75.2,10.29,25.0,20.0
209,riyadh,SA,1572203765.0,24.63,46.72,78.8,6.46,31.0,0.0
210,mount gambier,AU,1572204227.0,-37.83,140.78,37.4,6.93,100.0,63.0
212,berlevag,NO,1572204227.0,70.86,29.09,26.6,19.46,73.0,40.0
213,dossor,KZ,1572204227.0,47.52,52.98,54.45,12.88,47.0,51.0
214,egvekinot,RU,1572204228.0,66.32,-179.17,11.03,13.24,92.0,100.0
216,oranjestad,AW,1572204208.0,12.52,-70.03,87.8,18.34,62.0,20.0
217,hasaki,JP,1572204228.0,35.73,140.83,59.0,8.05,77.0,75.0
218,caucasia,CO,1572204228.0,7.98,-75.2,90.97,3.85,55.0,43.0
219,gorontalo,ID,1572204229.0,0.54,123.06,73.44,1.83,87.0,87.0
221,novyy urgal,RU,1572204229.0,51.07,132.56,25.5,1.86,79.0,43.0
222,belturbet,GB,1572204229.0,54.1,-7.44,39.38,3.0,93.0,3.0
223,codajas,BR,1572204229.0,-3.84,-62.06,94.78,3.87,41.0,70.0
224,buritizeiro,BR,1572204229.0,-17.37,-44.96,93.29,3.24,30.0,100.0
225,labuhan,ID,1572204230.0,-2.54,115.51,73.38,1.68,86.0,89.0
226,karratha,AU,1572204230.0,-20.74,116.85,81.52,15.43,43.0,0.0
227,cherskiy,RU,1572204230.0,68.75,161.3,0.37,14.05,95.0,100.0
228,port-gentil,GA,1572204230.0,-0.72,8.78,77.0,5.82,94.0,40.0
229,tiznit,MA,1572204230.0,29.7,-9.73,70.41,9.78,49.0,0.0
230,warrnambool,AU,1572204231.0,-38.38,142.48,45.0,6.96,95.0,55.0
231,sistranda,NO,1572204231.0,63.73,8.83,41.0,18.34,69.0,75.0
232,lima,PE,1572204092.0,-12.06,-77.04,69.8,8.05,64.0,20.0
233,bubaque,GW,1572204231.0,11.28,-15.83,83.12,10.29,78.0,0.0
234,laguna,BZ,1572204231.0,16.17,-88.94,87.8,6.93,66.0,40.0
236,tuatapere,NZ,1572204232.0,-46.13,167.69,48.0,1.01,93.0,51.0
238,taltal,CL,1572204232.0,-25.41,-70.49,60.28,6.13,65.0,7.0
239,sambava,MG,1572204232.0,-14.27,50.17,70.99,1.63,89.0,52.0
240,hualmay,PE,1572204232.0,-11.1,-77.61,72.46,10.49,53.0,1.0
241,aksu,KZ,1572204232.0,52.04,76.93,51.8,22.37,57.0,26.0
242,longyearbyen,NO,1572204233.0,78.22,15.63,14.0,8.05,78.0,40.0
243,rosetta,EG,1572204233.0,31.4,30.42,73.4,6.93,64.0,40.0
244,hernani,ES,1572204233.0,43.27,-1.98,70.0,4.7,82.0,100.0
245,kavieng,PG,1572204233.0,-2.57,150.8,81.77,8.14,76.0,16.0
246,tabas,IR,1572204233.0,33.6,56.92,62.6,4.7,77.0,95.0
247,sechura,PE,1572204234.0,-5.56,-80.82,60.67,16.06,93.0,22.0
248,ladario,PT,1572204234.0,40.7,-7.74,60.01,1.01,84.0,100.0
249,ketchikan,US,1572204234.0,55.34,-131.65,42.8,17.22,81.0,40.0
250,chuy,UY,1572204234.0,-33.69,-53.46,75.47,3.85,69.0,100.0
251,clyde river,CA,1572204234.0,70.47,-68.59,28.4,10.29,92.0,90.0
252,tual,ID,1572204235.0,-5.67,132.75,79.48,10.92,84.0,100.0
253,pacajus,BR,1572204235.0,-4.17,-38.47,84.2,12.75,62.0,20.0
254,caravelas,BR,1572204235.0,-17.73,-39.27,81.3,13.06,63.0,97.0
255,havre-saint-pierre,CA,1572204235.0,50.23,-63.6,42.8,8.05,45.0,1.0
256,kulunda,RU,1572204235.0,52.57,78.94,49.51,18.75,70.0,87.0
257,brigantine,US,1572204236.0,39.41,-74.36,73.4,18.34,94.0,90.0
258,oranjemund,ZA,1572204236.0,-28.55,16.43,58.84,6.6,75.0,5.0
259,hovd,NO,1572204236.0,63.83,10.7,43.0,10.29,86.0,75.0
260,beyneu,KZ,1572204236.0,45.32,55.19,56.23,6.87,32.0,0.0
261,marzuq,YE,1572204236.0,14.4,46.47,70.02,4.9,47.0,15.0
262,almaznyy,RU,1572204236.0,48.03,40.04,53.6,6.71,76.0,21.0
263,kodiak,US,1572204237.0,39.95,-94.76,55.99,11.41,54.0,20.0
264,esperance,AU,1572204237.0,-33.86,121.89,66.2,20.8,37.0,1.0
265,belaya gora,RU,1572204237.0,68.54,146.19,-7.16,3.47,85.0,0.0
266,north battleford,CA,1572204237.0,52.78,-108.3,23.0,16.11,62.0,40.0
267,chimoio,MZ,1572204237.0,-19.11,33.48,80.6,7.61,78.0,0.0
268,kargil,PK,1572204238.0,34.56,76.13,32.65,4.52,46.0,39.0
269,victoria,BN,1572204238.0,5.28,115.24,78.8,2.24,88.0,75.0
270,cidreira,BR,1572204238.0,-30.17,-50.22,68.81,15.12,93.0,100.0
271,maryborough,AU,1572204238.0,-25.54,152.7,62.89,2.93,96.0,12.0
272,jamkhed,IN,1572204238.0,18.74,75.31,73.94,6.08,81.0,41.0
273,caxito,BR,1572204238.0,-22.65,-42.51,84.2,23.04,78.0,20.0
274,capul,PH,1572204239.0,12.42,124.18,79.57,14.74,83.0,100.0
275,warmbad,DE,1572204239.0,50.67,13.08,45.0,8.05,93.0,100.0
276,calamar,CO,1572204239.0,1.96,-72.65,91.76,2.84,45.0,49.0
277,mar del plata,AR,1572204239.0,-46.43,-67.52,57.13,12.44,22.0,48.0
279,klaksvik,FO,1572204240.0,62.23,-6.59,41.0,25.28,75.0,92.0
280,nola,CF,1572204240.0,3.52,16.05,70.54,2.19,98.0,100.0
281,lasa,CY,1572204240.0,34.92,32.53,66.2,8.05,55.0,20.0
282,zorritos,PE,1572204240.0,-3.68,-80.68,89.6,4.7,33.0,90.0
283,bull savanna,JM,1572204240.0,17.89,-77.59,81.54,8.75,74.0,73.0
284,lagoa,PT,1572204240.0,37.14,-8.45,66.99,2.24,88.0,75.0
285,pyinmana,MM,1572204241.0,19.74,96.21,74.57,1.19,85.0,10.0
286,zyryanka,RU,1572204241.0,65.73,150.89,-7.26,3.36,91.0,0.0
287,sobolevo,RU,1572204241.0,54.43,31.9,54.07,16.6,71.0,34.0
289,saint-pierre,FR,1572204241.0,48.95,4.24,48.2,11.41,93.0,90.0
290,quthing,LS,1572204242.0,-30.4,27.7,66.22,12.86,14.0,3.0
291,elban,RU,1572204242.0,50.1,136.51,32.04,4.65,85.0,37.0
292,callaguip,PH,1572204242.0,18.07,120.49,75.2,2.24,94.0,20.0
293,lakhimpur,IN,1572204242.0,27.24,94.1,68.05,3.11,94.0,31.0
294,bording,DK,1572204242.0,56.15,9.28,48.0,10.29,87.0,75.0
295,nangong,CN,1572204243.0,37.36,115.37,60.1,13.49,20.0,100.0
296,carndonagh,IE,1572204243.0,55.25,-7.27,42.8,5.82,87.0,40.0
297,kahului,US,1572204243.0,20.89,-156.47,82.4,16.11,61.0,20.0
298,puerto colombia,CO,1572204243.0,10.99,-74.96,93.2,4.7,56.0,40.0
299,dingle,PH,1572204243.0,11.0,122.67,74.59,6.42,91.0,98.0
300,santa maria,BR,1572204244.0,-16.02,-48.01,84.99,5.82,39.0,75.0
301,sorland,NO,1572204124.0,67.67,12.69,39.2,8.05,69.0,40.0
302,karwar,IN,1572204244.0,14.8,74.13,79.61,10.22,81.0,71.0
303,kirakira,SB,1572204244.0,-10.46,161.92,76.3,7.74,88.0,92.0
304,leningradskiy,RU,1572204244.0,69.38,178.42,15.58,9.98,65.0,0.0
305,ghanzi,BW,1572204244.0,-21.7,21.65,86.13,14.61,28.0,51.0
306,tres arroyos,AR,1572204245.0,-38.38,-60.28,71.04,2.39,38.0,100.0
307,arlit,NE,1572204245.0,18.74,7.39,94.3,7.81,13.0,0.0
308,bundi,IN,1572204245.0,25.44,75.64,74.8,3.44,45.0,97.0
309,sola,TZ,1572204245.0,-3.17,33.8,81.03,8.86,41.0,59.0
311,bukachacha,RU,1572204246.0,52.99,116.91,19.63,2.59,94.0,100.0
312,kavaratti,IN,1572204246.0,10.57,72.64,82.58,9.19,76.0,100.0
313,rawson,AR,1572204246.0,-43.3,-65.11,55.96,9.84,58.0,47.0
314,ambrolauri,GE,1572204246.0,42.52,43.15,55.4,5.82,100.0,0.0
316,pacifica,US,1572204246.0,37.61,-122.49,68.0,10.29,22.0,20.0
317,lumut,BN,1572204247.0,4.66,114.45,78.8,2.24,88.0,75.0
318,diego de almagro,CL,1572204247.0,-26.39,-70.05,84.76,15.21,13.0,0.0
319,namibe,AO,1572204247.0,-15.19,12.15,70.3,20.36,84.0,67.0
320,micheweni,TZ,1572204247.0,-4.97,39.83,81.57,16.28,82.0,98.0
321,vostok,RU,1572204247.0,46.45,135.83,25.2,4.88,86.0,0.0
323,georgetown,GY,1572204114.0,6.8,-58.16,91.4,11.41,66.0,20.0
325,belmonte,PT,1572204248.0,40.36,-7.35,66.0,4.34,83.0,100.0
326,ko samui,TH,1572204248.0,9.54,99.94,83.93,12.39,72.0,96.0
328,halifax,CA,1572204095.0,44.65,-63.58,50.0,4.7,45.0,90.0
329,thompson,CA,1572204075.0,55.74,-97.86,26.6,10.29,86.0,90.0
330,hofn,IS,1572204249.0,64.25,-15.21,40.1,3.2,42.0,0.0
331,puerto escondido,MX,1572204249.0,15.86,-97.07,82.4,9.17,74.0,90.0
332,vanavara,RU,1572204249.0,60.35,102.28,15.12,5.73,95.0,77.0
334,spornoye,RU,1572204250.0,50.84,37.29,46.4,13.42,87.0,1.0
335,coquimbo,CL,1572204250.0,-29.95,-71.34,64.4,13.87,63.0,17.0
338,chingirlau,KZ,1572204250.0,51.09,54.08,55.33,18.5,53.0,100.0
339,muros,ES,1572204251.0,42.77,-9.06,64.99,4.7,82.0,19.0
340,banjar,ID,1572204251.0,-7.37,108.54,71.85,1.25,92.0,92.0
341,hambantota,LK,1572204251.0,6.12,81.12,75.2,3.36,100.0,90.0
342,souillac,FR,1572204251.0,45.6,-0.6,62.01,2.24,93.0,100.0
343,teknaf,BD,1572204251.0,20.86,92.31,72.34,1.88,92.0,0.0
344,petropavlovsk-kamchatskiy,RU,1572204097.0,53.05,158.65,32.0,6.71,73.0,75.0
345,bethel,US,1572204252.0,60.79,-161.76,46.4,10.29,93.0,90.0
346,zhigansk,RU,1572204252.0,66.77,123.37,19.53,9.13,70.0,94.0
347,asyut,EG,1572204252.0,27.18,31.19,73.4,11.41,49.0,0.0
348,saint-francois,FR,1572204252.0,46.42,3.91,57.2,2.24,93.0,100.0
349,namatanai,PG,1572204253.0,-3.66,152.44,81.45,6.76,78.0,82.0
350,laurinburg,US,1572204253.0,34.77,-79.46,84.2,8.05,65.0,90.0
351,sibolga,ID,1572204253.0,1.74,98.78,70.74,0.49,98.0,100.0
352,daru,PG,1572204253.0,-9.07,143.21,75.54,5.46,92.0,99.0
353,gainesville,US,1572204190.0,29.65,-82.33,84.2,10.29,94.0,20.0
354,nanzhang,CN,1572204253.0,31.78,111.84,59.14,2.04,65.0,84.0
355,bantou,CN,1572204254.0,26.22,117.49,57.58,2.26,98.0,100.0
356,mayumba,GA,1572204254.0,-3.44,10.65,79.16,8.34,85.0,77.0
357,lompoc,US,1572204192.0,34.64,-120.46,69.01,9.37,67.0,1.0
358,formiga,BR,1572204254.0,-20.46,-45.43,84.42,6.89,47.0,32.0
359,sao joao da barra,BR,1572204254.0,-21.64,-41.05,84.2,23.04,66.0,20.0
360,carauari,BR,1572204255.0,-4.88,-66.9,94.39,4.74,42.0,36.0
362,sao jose da coroa grande,BR,1572204255.0,-8.9,-35.15,78.66,14.92,76.0,24.0
363,ribeira grande,PT,1572204255.0,38.52,-28.7,64.4,5.82,63.0,40.0
364,luanda,AO,1572204255.0,-8.83,13.24,78.8,6.93,78.0,75.0
365,hoi an,VN,1572204255.0,15.88,108.33,80.6,4.7,83.0,40.0
366,morehead,US,1572204203.0,38.18,-83.43,64.4,5.82,63.0,40.0
367,avera,US,1572204256.0,33.19,-82.53,82.4,10.29,57.0,1.0
368,yichang,CN,1572204256.0,30.77,111.32,51.3,3.65,80.0,93.0
369,allanridge,ZA,1572204256.0,-27.75,26.64,72.0,13.56,18.0,0.0
370,leirvik,NO,1572204256.0,59.78,5.5,44.6,10.29,81.0,40.0
371,ossora,RU,1572204257.0,59.24,163.07,31.62,2.1,47.0,0.0
372,san vicente,EC,1572204257.0,-0.59,-80.41,78.8,6.93,83.0,75.0
373,fort nelson,CA,1572204257.0,58.81,-122.69,30.2,4.7,80.0,90.0
374,cabra,ES,1572204257.0,37.47,-4.43,69.01,4.7,42.0,76.0
375,salyan,AZ,1572204257.0,39.59,48.98,61.52,4.32,67.0,0.0
376,umea,SE,1572204257.0,63.83,20.26,33.8,5.82,90.0,20.0
377,foumban,CM,1572204258.0,5.73,10.9,68.56,1.88,91.0,99.0
378,cayenne,GF,1572204258.0,4.94,-52.33,89.6,14.99,59.0,9.0
379,kwinana,AU,1572204258.0,-32.25,115.77,64.0,3.36,93.0,61.0
380,santa rosalia,IT,1572204258.0,38.07,13.27,71.01,2.24,82.0,40.0
382,lokosovo,RU,1572204259.0,61.13,74.84,35.22,6.67,96.0,99.0
383,gravdal,NO,1572204259.0,59.79,5.78,44.6,10.29,81.0,40.0
384,khandyga,RU,1572204259.0,62.65,135.58,3.63,1.48,87.0,27.0
385,yueyang,CN,1572204259.0,29.36,113.12,51.94,2.28,84.0,100.0
386,vardo,US,1572204259.0,39.62,-77.74,78.01,18.34,46.0,1.0
387,methven,NZ,1572204259.0,-43.63,171.65,59.0,91.0,55.0,10.0
388,walvis bay,NA,1572204260.0,-22.95,14.51,60.8,10.29,77.0,0.0
389,mazagao,BR,1572204260.0,-0.12,-51.29,91.4,13.87,55.0,40.0
390,male,UA,1572204260.0,50.74,33.7,53.15,12.82,61.0,27.0
391,kuching,MY,1572204260.0,1.56,110.34,77.0,2.24,94.0,75.0
393,kaitangata,NZ,1572204260.0,-46.28,169.85,48.99,1.99,81.0,100.0
395,ambanja,MG,1572204261.0,-13.68,48.45,78.66,5.12,85.0,72.0
396,mugumu,TZ,1572204261.0,-1.84,34.67,70.38,4.88,65.0,75.0
397,mecca,SA,1572204261.0,21.43,39.83,79.7,4.97,43.0,0.0
398,dauphin,CA,1572204261.0,51.15,-100.04,28.4,12.75,74.0,90.0
399,port blair,IN,1572204262.0,11.67,92.75,82.4,3.36,83.0,40.0
400,yilan,CN,1572204262.0,43.11,129.52,36.28,1.95,75.0,0.0
401,fortuna,US,1572204262.0,40.6,-124.16,60.8,12.75,29.0,1.0
402,atar,MR,1572204262.0,20.52,-13.05,98.6,9.17,16.0,0.0
403,colotlan,MX,1572204262.0,22.1,-103.27,72.23,4.14,49.0,1.0
404,kifri,IQ,1572204262.0,34.69,44.96,76.86,3.89,34.0,100.0
405,bandarbeyla,SO,1572204263.0,9.49,50.81,79.88,5.57,61.0,79.0
406,ilulissat,GL,1572204063.0,69.22,-51.1,24.8,4.05,53.0,100.0
407,atherton,AU,1572204263.0,-17.27,145.48,69.8,5.82,83.0,60.0
408,chita,RU,1572204263.0,52.03,113.5,26.6,6.71,73.0,40.0
409,isangel,VU,1572204263.0,-19.55,169.27,75.2,11.41,83.0,75.0
410,verkhnyaya inta,RU,1572204264.0,65.99,60.32,6.85,7.2,95.0,65.0
411,ha giang,VN,1572204264.0,22.83,104.99,66.27,4.32,99.0,100.0
412,benghazi,LY,1572204264.0,32.12,20.07,74.66,17.09,55.0,0.0
413,anadyr,RU,1572204264.0,64.73,177.51,1.4,6.71,84.0,40.0
416,vieux fort,LC,1572204265.0,13.72,-60.95,87.8,14.99,70.0,40.0
417,san alberto,PY,1572204265.0,-24.98,-54.91,100.4,11.41,31.0,75.0
418,manaus,BR,1572204265.0,-3.13,-59.98,93.2,3.36,56.0,40.0
419,haradok,BY,1572204265.0,55.46,29.99,52.38,22.84,61.0,100.0
420,wawa,NG,1572204265.0,9.9,4.41,80.64,0.6,78.0,80.0
421,toora-khem,RU,1572204266.0,52.47,96.11,23.41,2.13,85.0,100.0
422,blantyre,MW,1572204266.0,-15.79,35.0,84.58,8.5,23.0,0.0
423,rameswaram,IN,1572204266.0,9.28,79.3,83.98,9.95,71.0,100.0
424,puri,ID,1572204266.0,-7.54,112.45,73.22,3.2,82.0,3.0
425,siavonga,ZW,1572204266.0,-16.54,28.71,90.34,7.76,29.0,0.0
426,guerrero negro,MX,1572204266.0,27.97,-114.04,80.17,8.03,22.0,0.0
427,trinidad,BO,1572204267.0,-14.83,-64.9,78.8,8.05,12.0,75.0
428,neustadt,CH,1572204054.0,47.05,8.31,60.01,1.99,87.0,75.0
429,sioux lookout,CA,1572204267.0,50.1,-91.92,35.6,10.29,80.0,90.0
431,bartica,GY,1572204267.0,6.41,-58.62,91.4,13.87,55.0,20.0
432,henties bay,NA,1572204268.0,-22.12,14.28,60.01,8.99,86.0,0.0
433,valparaiso,US,1572204218.0,41.47,-87.06,59.0,11.41,47.0,1.0
434,manavalakurichi,IN,1572204268.0,8.13,77.3,80.6,5.82,88.0,40.0
435,deming,US,1572204268.0,32.27,-107.76,75.2,18.34,12.0,1.0
436,atambua,ID,1572204268.0,-9.11,124.89,71.01,3.2,79.0,0.0
437,pasighat,IN,1572204269.0,28.06,95.33,66.34,3.65,92.0,14.0
438,contamana,PE,1572204269.0,-7.35,-75.01,94.28,4.09,40.0,87.0
439,venice,US,1572204033.0,27.1,-82.45,90.0,8.05,70.0,1.0
440,puerto rico,CO,1572204269.0,1.91,-75.15,86.38,4.63,50.0,57.0
441,jaisalmer,IN,1572204269.0,26.91,70.91,80.73,6.51,21.0,0.0
442,salinopolis,BR,1572204269.0,-0.61,-47.36,82.49,18.99,78.0,54.0
443,fougamou,GA,1572204270.0,-1.22,10.59,73.74,3.02,98.0,98.0
444,sergeyevka,KZ,1572204270.0,53.88,67.42,48.4,24.47,81.0,100.0
445,huilong,CN,1572204270.0,31.15,106.5,55.4,1.61,90.0,99.0
446,homer,US,1572204270.0,59.64,-151.54,51.8,14.99,71.0,90.0
447,kungurtug,RU,1572204270.0,50.6,97.53,22.5,3.11,72.0,92.0
448,kedrovoye,RU,1572204271.0,57.16,60.57,46.4,15.66,93.0,75.0
449,meulaboh,ID,1572204271.0,4.14,96.13,78.08,6.76,84.0,100.0
450,beliator,IN,1572204271.0,23.33,87.22,71.6,3.36,88.0,51.0
451,kununurra,AU,1572204271.0,-15.77,128.74,71.6,4.7,83.0,75.0
452,yumen,CN,1572204271.0,40.29,97.04,37.67,6.69,33.0,19.0
453,semporna,MY,1572204271.0,4.48,118.61,75.2,3.36,94.0,75.0
454,noumea,NC,1572204206.0,-22.28,166.46,73.0,15.43,72.0,0.0
455,koping,SE,1572204272.0,59.51,15.99,35.6,6.93,93.0,26.0
456,bocanda,CI,1572204272.0,7.06,-4.5,76.73,2.57,91.0,88.0
457,lucea,JM,1572204272.0,18.44,-78.17,87.8,16.11,70.0,40.0
458,camacha,PT,1572204273.0,33.08,-16.33,73.4,8.05,78.0,20.0
459,tura,RU,1572204273.0,64.27,100.22,0.55,2.28,94.0,99.0
460,union,US,1572204273.0,34.72,-81.62,82.4,4.7,50.0,1.0
461,khanpur,PK,1572204273.0,28.65,70.66,79.83,5.82,19.0,0.0
462,hede,SE,1572204273.0,60.45,15.49,33.01,11.41,79.0,39.0
463,svetlaya,RU,1572204274.0,46.54,138.33,42.58,9.95,54.0,0.0
465,jimma,ET,1572204274.0,7.67,36.84,58.73,1.88,75.0,92.0
466,paita,PE,1572204274.0,-5.09,-81.11,62.6,13.87,100.0,16.0
467,abha,SA,1572204274.0,18.22,42.5,64.4,2.37,82.0,42.0
468,voh,NC,1572204274.0,-20.95,164.69,68.32,7.2,81.0,0.0
469,dalvik,SE,1572204275.0,57.79,14.13,42.01,8.05,93.0,26.0
470,los llanos de aridane,ES,1572204275.0,28.66,-17.92,75.2,6.93,83.0,24.0
471,shenkursk,RU,1572204275.0,62.11,42.91,27.48,7.31,72.0,98.0
472,hailar,CN,1572204275.0,49.2,119.7,33.31,13.09,68.0,100.0
473,christchurch,NZ,1572204275.0,-43.53,172.64,57.2,4.7,58.0,0.0
474,torredonjimeno,ES,1572204275.0,37.76,-3.95,69.01,8.05,52.0,64.0
475,mpika,ZM,1572204276.0,-11.84,31.4,74.37,1.99,19.0,0.0
476,vranjska banja,RS,1572204276.0,42.56,21.99,57.99,3.87,68.0,13.0
477,savinka,RU,1572204276.0,50.08,47.1,56.61,15.19,59.0,100.0
478,andra,RU,1572204276.0,62.52,65.89,24.03,5.77,93.0,100.0
479,krasnoarmeysk,RU,1572204276.0,56.12,38.15,55.99,17.9,81.0,40.0
480,le port,FR,1572204277.0,42.87,1.37,64.0,5.01,80.0,97.0
481,derzhavinsk,KZ,1572204277.0,51.1,66.31,50.68,23.89,50.0,67.0
482,myaundzha,RU,1572204277.0,63.05,147.18,9.19,1.48,96.0,99.0
483,merauke,ID,1572204277.0,-8.49,140.4,75.6,5.26,86.0,73.0
484,caronport,CA,1572204277.0,50.46,-105.81,21.2,23.04,62.0,90.0
486,balkhash,KZ,1572204278.0,46.84,74.98,46.4,4.59,63.0,1.0
487,samarai,PG,1572204184.0,-10.62,150.67,75.47,6.58,92.0,94.0
488,calvinia,ZA,1572204278.0,-31.47,19.78,47.88,19.35,71.0,6.0
489,palau,ES,1572204278.0,42.18,2.97,64.99,3.36,93.0,27.0
490,sandovo,RU,1572204278.0,58.46,36.41,51.44,17.05,88.0,100.0
491,tiarei,PF,1572204279.0,-17.53,-149.33,82.4,11.41,61.0,20.0
492,birao,CF,1572204279.0,10.3,22.78,76.1,4.05,43.0,30.0
493,hirara,JP,1572204279.0,24.8,125.28,75.65,14.88,83.0,87.0
494,kuvshinovo,RU,1572204279.0,57.03,34.18,53.2,18.61,81.0,100.0
495,gatton,AU,1572204279.0,-27.56,152.28,66.99,4.7,68.0,90.0
496,nelson bay,AU,1572204279.0,-32.72,152.14,63.0,5.82,93.0,90.0
497,carbonia,IT,1572204177.0,39.17,8.53,69.01,6.93,77.0,40.0
498,changli,CN,1572204280.0,30.54,105.42,57.51,4.29,84.0,100.0
499,ayacucho,PE,1572204280.0,-13.16,-74.23,77.0,8.05,27.0,40.0
500,dover,US,1572204200.0,39.16,-75.52,78.01,9.17,83.0,1.0
501,miles city,US,1572204281.0,46.41,-105.84,24.8,19.46,49.0,90.0
502,truth or consequences,US,1572204281.0,33.13,-107.25,75.2,20.8,12.0,1.0
503,swellendam,ZA,1572204281.0,-34.02,20.44,51.8,13.87,87.0,9.0
504,bin qirdan,TN,1572204281.0,33.14,11.22,69.91,9.71,69.0,45.0
505,manaure,CO,1572204281.0,11.78,-72.45,93.2,13.87,49.0,75.0
506,malanje,AO,1572204281.0,-9.54,16.35,69.48,2.73,87.0,52.0
508,vila franca do campo,PT,1572204282.0,37.72,-25.43,66.2,10.29,72.0,20.0
510,broome,GB,1572204282.0,52.47,1.45,46.0,5.82,87.0,0.0
511,santa isabel do rio negro,BR,1572204282.0,-0.41,-65.02,94.26,3.09,42.0,40.0
512,canutama,BR,1572204283.0,-6.53,-64.38,97.2,4.34,36.0,47.0
513,bowen,AU,1572204283.0,-20.01,148.25,64.0,4.7,93.0,30.0
514,vagur,FO,1572204283.0,61.47,-6.81,41.32,23.4,69.0,94.0
515,lucapa,AO,1572204283.0,-8.42,20.74,72.54,3.67,83.0,64.0
517,kirovsk,RU,1572204283.0,67.62,33.66,18.0,4.0,85.0,4.0
518,saint anthony,US,1572204284.0,43.97,-111.68,30.2,14.99,25.0,1.0
519,pedernales,EC,1572204284.0,0.07,-80.05,76.53,7.85,76.0,92.0
520,nioro,GM,1572204284.0,13.79,-15.05,95.0,5.91,15.0,0.0
521,boden,SE,1572204284.0,65.83,21.69,24.8,4.7,92.0,95.0
522,tautira,PF,1572204284.0,-17.73,-149.15,82.4,11.41,61.0,20.0
524,three hills,CA,1572204285.0,51.7,-113.27,34.0,10.29,55.0,75.0
525,stanislav,UA,1572204285.0,46.58,32.14,44.6,4.47,100.0,4.0
526,guadalupe victoria,MX,1572204285.0,21.68,-105.33,78.8,3.06,54.0,20.0
527,ostrovnoy,RU,1572204285.0,68.05,39.51,23.61,9.08,80.0,100.0
528,darnah,LY,1572204285.0,32.77,22.64,73.17,17.87,65.0,0.0
530,kadaya,RU,1572204286.0,50.93,119.29,27.41,3.74,68.0,100.0
531,qaqortoq,GL,1572204286.0,60.72,-46.03,41.0,17.22,32.0,40.0
532,radford,US,1572204286.0,37.13,-80.58,77.0,12.75,64.0,1.0
533,wewak,PG,1572204286.0,-3.55,143.63,75.88,3.38,86.0,49.0
534,teya,MX,1572204287.0,21.05,-89.07,93.99,8.05,55.0,75.0
535,carnot,CF,1572204287.0,4.94,15.87,70.41,2.66,91.0,100.0
537,turnov,CZ,1572204202.0,50.59,15.16,50.0,4.7,81.0,90.0
538,alliance,US,1572204163.0,40.92,-81.11,59.0,17.22,76.0,90.0
540,neiafu,TO,1572204288.0,-18.65,-173.98,75.2,5.82,83.0,75.0
541,muyezerskiy,RU,1572204288.0,63.93,31.65,25.14,10.4,88.0,100.0
542,waingapu,ID,1572204288.0,-9.65,120.26,80.1,4.83,75.0,19.0
543,gulfport,US,1572204288.0,30.37,-89.09,71.6,1.72,56.0,40.0
544,saint-louis,SN,1572204288.0,16.03,-16.5,89.6,2.24,27.0,3.0
545,shirokiy,RU,1572204289.0,53.87,39.17,52.0,8.01,72.0,100.0
546,jumla,NP,1572204289.0,29.28,82.18,40.41,5.53,43.0,0.0
548,tsiroanomandidy,MG,1572204289.0,-18.77,46.05,81.86,4.74,57.0,66.0
549,voyvozh,RU,1572204289.0,62.89,54.96,20.86,8.12,84.0,92.0
550,portobelo,PA,1572204289.0,9.55,-79.65,86.0,6.93,74.0,40.0
551,itoman,JP,1572204290.0,26.12,127.67,73.4,5.82,83.0,75.0
552,nattam,IN,1572204290.0,12.7,79.97,82.99,6.24,94.0,40.0
554,koumac,NC,1572204290.0,-20.56,164.28,62.1,4.59,92.0,17.0
555,moose factory,CA,1572204290.0,51.26,-80.61,46.4,12.75,65.0,1.0
556,edson,CA,1572204290.0,53.59,-116.44,33.8,13.87,59.0,1.0
557,talnakh,RU,1572204291.0,69.49,88.39,19.4,31.32,73.0,100.0
559,maracaibo,CO,1572204291.0,3.41,-75.78,82.4,3.36,58.0,40.0
560,manono,CD,1572204291.0,-7.3,27.4,73.89,2.62,80.0,19.0
561,dombarovskiy,RU,1572204292.0,50.76,59.54,51.51,20.47,57.0,100.0
562,challapata,BO,1572204292.0,-18.9,-66.78,52.88,3.74,33.0,0.0
563,mana,NG,1572204292.0,13.03,5.27,83.48,10.02,53.0,17.0
564,de-kastri,RU,1572204292.0,51.48,140.77,41.45,16.91,85.0,100.0
566,popondetta,PG,1572204292.0,-8.77,148.24,63.7,2.68,91.0,56.0
567,kizukuri,JP,1572204293.0,40.81,140.39,46.99,1.01,81.0,0.0
568,salinas,US,1572203897.0,36.67,-121.66,66.2,9.17,17.0,1.0
569,odessa,US,1572204249.0,31.85,-102.37,84.0,6.93,10.0,1.0
570,ipixuna,BR,1572204293.0,-1.76,-48.8,86.0,10.29,79.0,75.0
571,araouane,ML,1572204064.0,18.9,-3.53,82.4,8.03,10.0,0.0
572,japura,ID,1572204293.0,-0.42,102.29,73.09,0.49,97.0,42.0
573,kaa-khem,RU,1572204294.0,51.7,94.56,26.42,2.57,86.0,99.0
574,barcelona,ES,1572204022.0,41.38,2.18,66.0,6.93,88.0,54.0
575,portland,US,1572204022.0,43.66,-70.25,48.2,11.41,87.0,90.0
576,naze,NG,1572204294.0,5.43,7.07,71.89,8.77,96.0,100.0
577,lavrentiya,RU,1572204294.0,65.58,-170.99,35.74,21.23,93.0,100.0
578,svetlogorsk,RU,1572204295.0,53.14,59.15,50.0,22.37,76.0,90.0
579,omboue,GA,1572204295.0,-1.57,9.26,74.97,3.04,95.0,94.0
581,loei,TH,1572204295.0,17.49,101.72,69.71,2.3,84.0,0.0
582,puerto del rosario,ES,1572204295.0,28.5,-13.86,75.2,5.82,69.0,99.0
583,isla mujeres,MX,1572204295.0,21.23,-86.73,82.4,5.26,83.0,75.0
584,soe,EE,1572204296.0,57.91,26.05,41.0,14.99,80.0,79.0
585,coos bay,US,1572204296.0,43.37,-124.22,57.0,12.75,43.0,1.0
586,treinta y tres,UY,1572204296.0,-33.23,-54.39,77.09,9.64,82.0,100.0
587,erenhot,CN,1572204296.0,43.65,111.97,29.97,36.26,75.0,56.0
588,dikson,RU,1572204296.0,73.51,80.55,10.72,10.29,86.0,100.0
589,mustasaari,FI,1572204297.0,63.17,21.67,34.0,3.36,76.0,100.0
590,hays,US,1572204297.0,38.88,-99.33,41.0,24.16,60.0,90.0
591,san cristobal,HN,1572204297.0,14.68,-86.92,82.31,2.46,57.0,100.0
592,vung tau,VN,1572204297.0,10.35,107.08,79.77,9.78,82.0,100.0
593,katsuura,JP,1572204297.0,33.93,134.5,59.0,6.93,82.0,75.0
594,hauterive,CA,1572204298.0,49.18,-68.27,41.0,4.7,65.0,1.0
595,santa rosa,AR,1572204048.0,-36.62,-64.29,74.14,14.9,30.0,100.0
597,santa helena,BR,1572204298.0,-2.23,-45.3,92.71,7.65,44.0,42.0
598,penzance,GB,1572204298.0,50.12,-5.53,51.01,9.17,75.0,100.0
599,srednekolymsk,RU,1572204298.0,67.46,153.71,-11.26,7.05,93.0,0.0
